tripStart,routeName,routeVLD,runNumber,direction,stopId,stopNameShort,stopName,arrivalScheduled,departureScheduled,departureActual
21600,2,531,1,1,2251,DEP4,Zürich Depot 4 Elisabethenstr,21600,21600,21611
21660,2,531,1,2,1906,KALK,Zürich Kalkbreite,21660,21660,21736
21660,2,531,1,2,2248,LOCH,Zürich Lochergut,21702,21732,21798
21660,2,531,1,2,2250,ZYPR,Zürich Zypressenstrasse,21768,21792,21850
21660,2,531,1,2,1535,ALBP,Zürich Albisriederplatz,21846,21888,21923
21660,2,531,1,2,2245,LETG,Zürich Letzigrund,21948,21966,22002
21660,2,531,1,2,2253,FREI,Zürich Freihofstrasse,22014,22032,22067
21660,2,531,1,2,2244,KAPP,Zürich Kappeli,22080,22098,22146
21660,2,531,1,2,2770,GRIM,Zürich Grimselstrasse,22164,22182,22225
21660,2,531,1,2,2535,LIND,Zürich Lindenplatz,22236,22254,22288
21660,2,531,1,2,2818,BACH,Zürich Bachmattstrasse,22290,22302,22341
21660,2,531,1,2,1310,FARB,Zürich Farbhof,22356,22356,22470
22470,2,531,1,1,1310,FARB,Zürich Farbhof,22470,22470,22485
22470,2,531,1,1,2818,BACH,Zürich Bachmattstrasse,22518,22530,22540
22470,2,531,1,1,2535,LIND,Zürich Lindenplatz,22560,22590,22603
22470,2,531,1,1,2770,GRIM,Zürich Grimselstrasse,22632,22656,22668
22470,2,531,1,1,2244,KAPP,Zürich Kappeli,22722,22746,22747
22470,2,531,1,1,2253,FREI,Zürich Freihofstrasse,22788,22806,22825
22470,2,531,1,1,2245,LETG,Zürich Letzigrund,22854,22878,22891
22470,2,531,1,1,1535,ALBP,Zürich Albisriederplatz,22932,22968,22986
22470,2,531,1,1,2250,ZYPR,Zürich Zypressenstrasse,23004,23034,23080
22470,2,531,1,1,2248,LOCH,Zürich Lochergut,23070,23100,23137
22470,2,531,1,1,1906,KALK,Zürich Kalkbreite,23160,23190,23218
22470,2,531,1,1,1306,BEZI,Zürich Bezirksgebäude,23226,23256,23290
22470,2,531,1,1,1502,STAU,Zürich Stauffacher,23316,23406,23432
22470,2,531,1,1,2657,SIHS,Zürich Sihlstrasse,23472,23508,23571
22470,2,531,1,1,1528,PARA,Zürich Paradeplatz,23568,23616,23669
22470,2,531,1,1,2228,BOES,Zürich Börsenstrasse,23652,23670,23724
22470,2,531,1,1,2590,BURK,Zürich Bürkliplatz,23736,23766,23830
22470,2,531,1,1,1565,BELL,Zürich Bellevue,23838,23898,23936
22470,2,531,1,1,2104,OPER,Zürich Opernhaus,23940,23976,24062
22470,2,531,1,1,2612,KRES,Zürich Kreuzstrasse,24000,24036,24130
22470,2,531,1,1,2689,FELD,Zürich Feldeggstrasse,24078,24108,24202
22470,2,531,1,1,2615,HOES,Zürich Höschgasse,24144,24174,24269
22470,2,531,1,1,2680,FROE,Zürich Fröhlichstrasse,24210,24240,24343
22470,2,531,1,1,2651,WILD,Zürich Wildbachstrasse,24270,24294,24394
22470,2,531,1,1,2788,BTIE,Zürich Bahnhof Tiefenbrunnen,24336,24336,24698
24690,2,531,1,2,2788,BTIE,Zürich Bahnhof Tiefenbrunnen,24690,24690,24710
24690,2,531,1,2,2651,WILD,Zürich Wildbachstrasse,24750,24780,24769
24690,2,531,1,2,2680,FROE,Zürich Fröhlichstrasse,24810,24840,24827
24690,2,531,1,2,2615,HOES,Zürich Höschgasse,24876,24906,24913
24690,2,531,1,2,2689,FELD,Zürich Feldeggstrasse,24942,24978,24966
24690,2,531,1,2,2612,KRES,Zürich Kreuzstrasse,25020,25044,25026
24690,2,531,1,2,2104,OPER,Zürich Opernhaus,25092,25128,25113
24690,2,531,1,2,1565,BELL,Zürich Bellevue,25212,25266,25236
24690,2,531,1,2,2590,BURK,Zürich Bürkliplatz,25344,25404,25396
24690,2,531,1,2,2228,BOES,Zürich Börsenstrasse,25440,25470,25505
24690,2,531,1,2,1528,PARA,Zürich Paradeplatz,25506,25560,25569
24690,2,531,1,2,2657,SIHS,Zürich Sihlstrasse,25608,25656,25667
24690,2,531,1,2,1502,STAU,Zürich Stauffacher,25728,25818,25818
24690,2,531,1,2,1306,BEZI,Zürich Bezirksgebäude,25872,25914,25889
24690,2,531,1,2,1906,KALK,Zürich Kalkbreite,25956,25986,25980
24690,2,531,1,2,2248,LOCH,Zürich Lochergut,26034,26064,26075
24690,2,531,1,2,2250,ZYPR,Zürich Zypressenstrasse,26106,26136,26125
24690,2,531,1,2,1535,ALBP,Zürich Albisriederplatz,26190,26238,26217
24690,2,531,1,2,2245,LETG,Zürich Letzigrund,26304,26328,26312
24690,2,531,1,2,2253,FREI,Zürich Freihofstrasse,26376,26400,26381
24690,2,531,1,2,2244,KAPP,Zürich Kappeli,26448,26472,26462
24690,2,531,1,2,2770,GRIM,Zürich Grimselstrasse,26544,26562,26550
24690,2,531,1,2,2535,LIND,Zürich Lindenplatz,26616,26646,26624
24690,2,531,1,2,2818,BACH,Zürich Bachmattstrasse,26688,26706,26683
24690,2,531,1,2,1310,FARB,Zürich Farbhof,26760,26760,26913
26910,2,531,1,1,1310,FARB,Zürich Farbhof,26910,26910,26930
26910,2,531,1,1,2818,BACH,Zürich Bachmattstrasse,26964,26982,26983
26910,2,531,1,1,2535,LIND,Zürich Lindenplatz,27012,27042,27044
26910,2,531,1,1,2770,GRIM,Zürich Grimselstrasse,27084,27114,27105
26910,2,531,1,1,2244,KAPP,Zürich Kappeli,27180,27204,27193
26910,2,531,1,1,2253,FREI,Zürich Freihofstrasse,27252,27276,27275
26910,2,531,1,1,2245,LETG,Zürich Letzigrund,27324,27348,27346
26910,2,531,1,1,1535,ALBP,Zürich Albisriederplatz,27408,27444,27447
26910,2,531,1,1,2250,ZYPR,Zürich Zypressenstrasse,27480,27510,27518
26910,2,531,1,1,2248,LOCH,Zürich Lochergut,27552,27582,27589
26910,2,531,1,1,1906,KALK,Zürich Kalkbreite,27642,27672,27687
26910,2,531,1,1,1306,BEZI,Zürich Bezirksgebäude,27714,27756,27767
26910,2,531,1,1,1502,STAU,Zürich Stauffacher,27816,27906,27908
26910,2,531,1,1,2657,SIHS,Zürich Sihlstrasse,27966,28008,28035
26910,2,531,1,1,1528,PARA,Zürich Paradeplatz,28068,28128,28148
26910,2,531,1,1,2228,BOES,Zürich Börsenstrasse,28170,28188,28199
26910,2,531,1,1,2590,BURK,Zürich Bürkliplatz,28260,28296,28286
26910,2,531,1,1,1565,BELL,Zürich Bellevue,28380,28440,28410
26910,2,531,1,1,2104,OPER,Zürich Opernhaus,28494,28536,28523
26910,2,531,1,1,2612,KRES,Zürich Kreuzstrasse,28566,28602,28578
26910,2,531,1,1,2689,FELD,Zürich Feldeggstrasse,28644,28674,28649
26910,2,531,1,1,2615,HOES,Zürich Höschgasse,28716,28746,28720
26910,2,531,1,1,2680,FROE,Zürich Fröhlichstrasse,28794,28824,28790
26910,2,531,1,1,2651,WILD,Zürich Wildbachstrasse,28854,28878,28849
26910,2,531,1,1,2788,BTIE,Zürich Bahnhof Tiefenbrunnen,28920,28920,29201
NULL,2,531,1,2,2651,WILD,Zürich Wildbachstrasse,29250,29280,29281
NULL,2,531,1,2,2680,FROE,Zürich Fröhlichstrasse,29310,29340,29350
NULL,2,531,1,2,2615,HOES,Zürich Höschgasse,29376,29406,29428
NULL,2,531,1,2,2689,FELD,Zürich Feldeggstrasse,29442,29478,29483
NULL,2,531,1,2,2612,KRES,Zürich Kreuzstrasse,29520,29544,29549
NULL,2,531,1,2,2104,OPER,Zürich Opernhaus,29592,29628,29649
NULL,2,531,1,2,1565,BELL,Zürich Bellevue,29712,29766,29821
NULL,2,531,1,2,2590,BURK,Zürich Bürkliplatz,29844,29904,30086
NULL,2,531,1,2,2228,BOES,Zürich Börsenstrasse,29940,29970,30187
NULL,2,531,1,2,1528,PARA,Zürich Paradeplatz,30006,30060,30291
NULL,2,531,1,2,2657,SIHS,Zürich Sihlstrasse,30108,30156,30419
NULL,2,531,1,2,1502,STAU,Zürich Stauffacher,30228,30318,30561
NULL,2,531,1,2,1306,BEZI,Zürich Bezirksgebäude,30372,30414,30632
NULL,2,531,1,2,1906,KALK,Zürich Kalkbreite,30456,30486,30710
NULL,2,531,1,2,2248,LOCH,Zürich Lochergut,30534,30564,30787
NULL,2,531,1,2,2250,ZYPR,Zürich Zypressenstrasse,30606,30636,30847
NULL,2,531,1,2,1535,ALBP,Zürich Albisriederplatz,30690,30738,30933
NULL,2,531,1,2,2245,LETG,Zürich Letzigrund,30804,30828,31016
NULL,2,531,1,2,2253,FREI,Zürich Freihofstrasse,30876,30900,31076
NULL,2,531,1,2,2244,KAPP,Zürich Kappeli,30948,30972,31162
NULL,2,531,1,2,2770,GRIM,Zürich Grimselstrasse,31044,31062,31238
NULL,2,531,1,2,2535,LIND,Zürich Lindenplatz,31116,31146,31305
NULL,2,531,1,2,2818,BACH,Zürich Bachmattstrasse,31188,31206,31357
NULL,2,531,1,2,1310,FARB,Zürich Farbhof,31260,31260,31447
31380,2,531,1,1,1310,FARB,Zürich Farbhof,31380,31380,31462
31380,2,531,1,1,2818,BACH,Zürich Bachmattstrasse,31434,31452,31514
31380,2,531,1,1,2535,LIND,Zürich Lindenplatz,31482,31512,31581
31380,2,531,1,1,2770,GRIM,Zürich Grimselstrasse,31554,31584,31651
31380,2,531,1,1,2244,KAPP,Zürich Kappeli,31650,31674,31726
31380,2,531,1,1,2253,FREI,Zürich Freihofstrasse,31722,31746,31801
31380,2,531,1,1,2245,LETG,Zürich Letzigrund,31794,31818,31869
31380,2,531,1,1,1535,ALBP,Zürich Albisriederplatz,31878,31920,31965
31380,2,531,1,1,2250,ZYPR,Zürich Zypressenstrasse,31956,31986,32031
31380,2,531,1,1,2248,LOCH,Zürich Lochergut,32022,32052,32095
31380,2,531,1,1,1906,KALK,Zürich Kalkbreite,32112,32154,32192
31380,2,531,1,1,1306,BEZI,Zürich Bezirksgebäude,32190,32232,32273
31380,2,531,1,1,1502,STAU,Zürich Stauffacher,32292,32382,32406
31380,2,531,1,1,2657,SIHS,Zürich Sihlstrasse,32460,32502,32543
31380,2,531,1,1,1528,PARA,Zürich Paradeplatz,32562,32622,32644
31380,2,531,1,1,2228,BOES,Zürich Börsenstrasse,32664,32682,32699
31380,2,531,1,1,2590,BURK,Zürich Bürkliplatz,32754,32790,32777
31380,2,531,1,1,1565,BELL,Zürich Bellevue,32868,32928,32885
31380,2,531,1,1,2104,OPER,Zürich Opernhaus,32976,33012,33003
31380,2,531,1,1,2612,KRES,Zürich Kreuzstrasse,33042,33072,33059
31380,2,531,1,1,2689,FELD,Zürich Feldeggstrasse,33114,33144,33118
31380,2,531,1,1,2615,HOES,Zürich Höschgasse,33186,33216,33183
31380,2,531,1,1,2680,FROE,Zürich Fröhlichstrasse,33264,33294,33262
31380,2,531,1,1,2651,WILD,Zürich Wildbachstrasse,33324,33348,33317
31380,2,531,1,1,2788,BTIE,Zürich Bahnhof Tiefenbrunnen,33390,33390,33697
33690,2,531,1,2,2788,BTIE,Zürich Bahnhof Tiefenbrunnen,33690,33690,33714
33690,2,531,1,2,2651,WILD,Zürich Wildbachstrasse,33750,33780,33772
33690,2,531,1,2,2680,FROE,Zürich Fröhlichstrasse,33810,33840,33827
33690,2,531,1,2,2615,HOES,Zürich Höschgasse,33876,33906,33900
33690,2,531,1,2,2689,FELD,Zürich Feldeggstrasse,33942,33978,34008
33690,2,531,1,2,2612,KRES,Zürich Kreuzstrasse,34020,34044,34084
33690,2,531,1,2,2104,OPER,Zürich Opernhaus,34092,34134,34164
33690,2,531,1,2,1565,BELL,Zürich Bellevue,34218,34272,34288
33690,2,531,1,2,2590,BURK,Zürich Bürkliplatz,34344,34404,34404
33690,2,531,1,2,2228,BOES,Zürich Börsenstrasse,34440,34470,34500
33690,2,531,1,2,1528,PARA,Zürich Paradeplatz,34500,34560,34566
33690,2,531,1,2,2657,SIHS,Zürich Sihlstrasse,34620,34668,34692
33690,2,531,1,2,1502,STAU,Zürich Stauffacher,34740,34830,34832
33690,2,531,1,2,1306,BEZI,Zürich Bezirksgebäude,34884,34926,34920
33690,2,531,1,2,1906,KALK,Zürich Kalkbreite,34962,34998,34995
33690,2,531,1,2,2248,LOCH,Zürich Lochergut,35046,35076,35078
33690,2,531,1,2,2250,ZYPR,Zürich Zypressenstrasse,35118,35148,35130
33690,2,531,1,2,1535,ALBP,Zürich Albisriederplatz,35202,35250,35223
33690,2,531,1,2,2245,LETG,Zürich Letzigrund,35310,35334,35303
33690,2,531,1,2,2253,FREI,Zürich Freihofstrasse,35382,35406,35375
33690,2,531,1,2,2244,KAPP,Zürich Kappeli,35454,35472,35447
33690,2,531,1,2,2770,GRIM,Zürich Grimselstrasse,35544,35562,35528
33690,2,531,1,2,2535,LIND,Zürich Lindenplatz,35616,35640,35602
33690,2,531,1,2,2818,BACH,Zürich Bachmattstrasse,35682,35700,35665
33690,2,531,1,2,1310,FARB,Zürich Farbhof,35754,35754,35870
35880,2,531,1,1,1310,FARB,Zürich Farbhof,35880,35880,35893
35880,2,531,1,1,2818,BACH,Zürich Bachmattstrasse,35934,35952,35944
35880,2,531,1,1,2535,LIND,Zürich Lindenplatz,35982,36012,36026
35880,2,531,1,1,2770,GRIM,Zürich Grimselstrasse,36054,36084,36084
35880,2,531,1,1,2244,KAPP,Zürich Kappeli,36150,36174,36159
35880,2,531,1,1,2253,FREI,Zürich Freihofstrasse,36222,36246,36237
35880,2,531,1,1,2245,LETG,Zürich Letzigrund,36294,36318,36301
35880,2,531,1,1,1535,ALBP,Zürich Albisriederplatz,36378,36420,36401
35880,2,531,1,1,2250,ZYPR,Zürich Zypressenstrasse,36456,36486,36468
35880,2,531,1,1,2248,LOCH,Zürich Lochergut,36522,36552,36522
35880,2,531,1,1,1906,KALK,Zürich Kalkbreite,36612,36654,36604
35880,2,531,1,1,1306,BEZI,Zürich Bezirksgebäude,36690,36732,36680
35880,2,531,1,1,1502,STAU,Zürich Stauffacher,36792,36882,36924
35880,2,531,1,1,2657,SIHS,Zürich Sihlstrasse,36960,37002,37029
35880,2,531,1,1,1528,PARA,Zürich Paradeplatz,37062,37122,37132
35880,2,531,1,1,2228,BOES,Zürich Börsenstrasse,37164,37182,37199
35880,2,531,1,1,2590,BURK,Zürich Bürkliplatz,37254,37290,37296
35880,2,531,1,1,1565,BELL,Zürich Bellevue,37368,37428,37425
35880,2,531,1,1,2104,OPER,Zürich Opernhaus,37476,37512,37505
35880,2,531,1,1,2612,KRES,Zürich Kreuzstrasse,37542,37572,37572
35880,2,531,1,1,2689,FELD,Zürich Feldeggstrasse,37614,37644,37633
35880,2,531,1,1,2615,HOES,Zürich Höschgasse,37686,37716,37696
35880,2,531,1,1,2680,FROE,Zürich Fröhlichstrasse,37764,37794,37797
35880,2,531,1,1,2651,WILD,Zürich Wildbachstrasse,37824,37848,37844
35880,2,531,1,1,2788,BTIE,Zürich Bahnhof Tiefenbrunnen,37890,37890,38182
38190,2,531,1,2,2788,BTIE,Zürich Bahnhof Tiefenbrunnen,38190,38190,38200
38190,2,531,1,2,2651,WILD,Zürich Wildbachstrasse,38250,38280,38266
38190,2,531,1,2,2680,FROE,Zürich Fröhlichstrasse,38310,38340,38316
38190,2,531,1,2,2615,HOES,Zürich Höschgasse,38376,38406,38396
38190,2,531,1,2,2689,FELD,Zürich Feldeggstrasse,38442,38478,38444
38190,2,531,1,2,2612,KRES,Zürich Kreuzstrasse,38520,38544,38520
38190,2,531,1,2,2104,OPER,Zürich Opernhaus,38592,38634,38611
38190,2,531,1,2,1565,BELL,Zürich Bellevue,38718,38772,38742
38190,2,531,1,2,2590,BURK,Zürich Bürkliplatz,38844,38904,38910
38190,2,531,1,2,2228,BOES,Zürich Börsenstrasse,38940,38970,39000
38190,2,531,1,2,1528,PARA,Zürich Paradeplatz,39000,39060,39071
38190,2,531,1,2,2657,SIHS,Zürich Sihlstrasse,39120,39168,39167
38190,2,531,1,2,1502,STAU,Zürich Stauffacher,39240,39330,39368
38190,2,531,1,2,1306,BEZI,Zürich Bezirksgebäude,39384,39426,39435
38190,2,531,1,2,1906,KALK,Zürich Kalkbreite,39462,39498,39532
38190,2,531,1,2,2248,LOCH,Zürich Lochergut,39546,39576,39622
38190,2,531,1,2,2250,ZYPR,Zürich Zypressenstrasse,39618,39648,39687
38190,2,531,1,2,1535,ALBP,Zürich Albisriederplatz,39702,39750,39773
38190,2,531,1,2,2245,LETG,Zürich Letzigrund,39810,39834,39871
38190,2,531,1,2,2253,FREI,Zürich Freihofstrasse,39882,39906,39941
38190,2,531,1,2,2244,KAPP,Zürich Kappeli,39954,39972,40010
38190,2,531,1,2,2770,GRIM,Zürich Grimselstrasse,40044,40062,40096
38190,2,531,1,2,2535,LIND,Zürich Lindenplatz,40116,40140,40173
38190,2,531,1,2,2818,BACH,Zürich Bachmattstrasse,40182,40200,40222
38190,2,531,1,2,1310,FARB,Zürich Farbhof,40254,40254,40392
40380,2,531,1,1,1310,FARB,Zürich Farbhof,40380,40380,40409
40380,2,531,1,1,2818,BACH,Zürich Bachmattstrasse,40434,40452,40464
40380,2,531,1,1,2535,LIND,Zürich Lindenplatz,40482,40512,40532
40380,2,531,1,1,2770,GRIM,Zürich Grimselstrasse,40554,40584,40595
40380,2,531,1,1,2244,KAPP,Zürich Kappeli,40650,40674,40692
40380,2,531,1,1,2253,FREI,Zürich Freihofstrasse,40722,40746,40767
40380,2,531,1,1,2245,LETG,Zürich Letzigrund,40794,40818,40836
40380,2,531,1,1,1535,ALBP,Zürich Albisriederplatz,40878,40920,40933
40380,2,531,1,1,2250,ZYPR,Zürich Zypressenstrasse,40956,40986,41000
40380,2,531,1,1,2248,LOCH,Zürich Lochergut,41022,41052,41061
40380,2,531,1,1,1906,KALK,Zürich Kalkbreite,41112,41154,41168
40380,2,531,1,1,1306,BEZI,Zürich Bezirksgebäude,41190,41232,41244
40380,2,531,1,1,1502,STAU,Zürich Stauffacher,41292,41382,41413
40380,2,531,1,1,2657,SIHS,Zürich Sihlstrasse,41460,41502,41514
40380,2,531,1,1,1528,PARA,Zürich Paradeplatz,41562,41622,41648
40380,2,531,1,1,2228,BOES,Zürich Börsenstrasse,41664,41682,41707
40380,2,531,1,1,2590,BURK,Zürich Bürkliplatz,41754,41790,41794
40380,2,531,1,1,1565,BELL,Zürich Bellevue,41868,41928,41916
40380,2,531,1,1,2104,OPER,Zürich Opernhaus,41976,42012,42007
40380,2,531,1,1,2612,KRES,Zürich Kreuzstrasse,42042,42072,42073
40380,2,531,1,1,2689,FELD,Zürich Feldeggstrasse,42114,42144,42176
40380,2,531,1,1,2615,HOES,Zürich Höschgasse,42186,42216,42240
40380,2,531,1,1,2680,FROE,Zürich Fröhlichstrasse,42264,42294,42314
40380,2,531,1,1,2651,WILD,Zürich Wildbachstrasse,42324,42348,42368
40380,2,531,1,1,2788,BTIE,Zürich Bahnhof Tiefenbrunnen,42390,42390,42694
42690,2,531,1,2,2788,BTIE,Zürich Bahnhof Tiefenbrunnen,42690,42690,42706
42690,2,531,1,2,2651,WILD,Zürich Wildbachstrasse,42750,42780,42778
42690,2,531,1,2,2680,FROE,Zürich Fröhlichstrasse,42810,42840,42845
42690,2,531,1,2,2615,HOES,Zürich Höschgasse,42876,42906,42934
42690,2,531,1,2,2689,FELD,Zürich Feldeggstrasse,42942,42978,42990
42690,2,531,1,2,2612,KRES,Zürich Kreuzstrasse,43020,43044,43061
42690,2,531,1,2,2104,OPER,Zürich Opernhaus,43092,43134,43144
42690,2,531,1,2,1565,BELL,Zürich Bellevue,43218,43272,43269
42690,2,531,1,2,2590,BURK,Zürich Bürkliplatz,43344,43404,43394
42690,2,531,1,2,2228,BOES,Zürich Börsenstrasse,43440,43470,43473
42690,2,531,1,2,1528,PARA,Zürich Paradeplatz,43500,43560,43565
42690,2,531,1,2,2657,SIHS,Zürich Sihlstrasse,43620,43668,43703
42690,2,531,1,2,1502,STAU,Zürich Stauffacher,43740,43830,43857
42690,2,531,1,2,1306,BEZI,Zürich Bezirksgebäude,43884,43926,43942
42690,2,531,1,2,1906,KALK,Zürich Kalkbreite,43962,43998,44019
42690,2,531,1,2,2248,LOCH,Zürich Lochergut,44046,44076,44083
42690,2,531,1,2,2250,ZYPR,Zürich Zypressenstrasse,44118,44148,44138
42690,2,531,1,2,1535,ALBP,Zürich Albisriederplatz,44202,44250,44256
42690,2,531,1,2,2245,LETG,Zürich Letzigrund,44310,44334,44354
42690,2,531,1,2,2253,FREI,Zürich Freihofstrasse,44382,44406,44421
42690,2,531,1,2,2244,KAPP,Zürich Kappeli,44454,44472,44497
42690,2,531,1,2,2770,GRIM,Zürich Grimselstrasse,44544,44562,44581
42690,2,531,1,2,2535,LIND,Zürich Lindenplatz,44616,44640,44653
42690,2,531,1,2,2818,BACH,Zürich Bachmattstrasse,44682,44700,44707
42690,2,531,1,2,1310,FARB,Zürich Farbhof,44754,44754,44934
44880,2,531,1,1,1310,FARB,Zürich Farbhof,44880,44880,44951
44880,2,531,1,1,2818,BACH,Zürich Bachmattstrasse,44934,44952,45004
44880,2,531,1,1,2535,LIND,Zürich Lindenplatz,44982,45012,45067
44880,2,531,1,1,2770,GRIM,Zürich Grimselstrasse,45054,45084,45130
44880,2,531,1,1,2244,KAPP,Zürich Kappeli,45150,45174,45221
44880,2,531,1,1,2253,FREI,Zürich Freihofstrasse,45222,45246,45306
44880,2,531,1,1,2245,LETG,Zürich Letzigrund,45294,45318,45370
44880,2,531,1,1,1535,ALBP,Zürich Albisriederplatz,45378,45420,45461
44880,2,531,1,1,2250,ZYPR,Zürich Zypressenstrasse,45456,45486,45530
44880,2,531,1,1,2248,LOCH,Zürich Lochergut,45522,45552,45595
44880,2,531,1,1,1906,KALK,Zürich Kalkbreite,45612,45654,45692
44880,2,531,1,1,1306,BEZI,Zürich Bezirksgebäude,45690,45732,45774
44880,2,531,1,1,1502,STAU,Zürich Stauffacher,45792,45882,45893
44880,2,531,1,1,2657,SIHS,Zürich Sihlstrasse,45960,46002,46019
44880,2,531,1,1,1528,PARA,Zürich Paradeplatz,46062,46122,46144
44880,2,531,1,1,2228,BOES,Zürich Börsenstrasse,46164,46182,46207
44880,2,531,1,1,2590,BURK,Zürich Bürkliplatz,46254,46290,46298
44880,2,531,1,1,1565,BELL,Zürich Bellevue,46368,46428,46415
44880,2,531,1,1,2104,OPER,Zürich Opernhaus,46476,46512,46518
44880,2,531,1,1,2612,KRES,Zürich Kreuzstrasse,46542,46572,46581
44880,2,531,1,1,2689,FELD,Zürich Feldeggstrasse,46614,46644,46665
44880,2,531,1,1,2615,HOES,Zürich Höschgasse,46686,46716,46730
44880,2,531,1,1,2680,FROE,Zürich Fröhlichstrasse,46764,46794,46816
44880,2,531,1,1,2651,WILD,Zürich Wildbachstrasse,46824,46848,46871
44880,2,531,1,1,2788,BTIE,Zürich Bahnhof Tiefenbrunnen,46890,46890,47213
47190,2,531,1,2,2788,BTIE,Zürich Bahnhof Tiefenbrunnen,47190,47190,47226
47190,2,531,1,2,2651,WILD,Zürich Wildbachstrasse,47250,47280,47290
47190,2,531,1,2,2680,FROE,Zürich Fröhlichstrasse,47310,47340,47347
47190,2,531,1,2,2615,HOES,Zürich Höschgasse,47376,47406,47436
47190,2,531,1,2,2689,FELD,Zürich Feldeggstrasse,47442,47478,47489
47190,2,531,1,2,2612,KRES,Zürich Kreuzstrasse,47520,47544,47556
47190,2,531,1,2,2104,OPER,Zürich Opernhaus,47592,47634,47642
47190,2,531,1,2,1565,BELL,Zürich Bellevue,47718,47772,47765
47190,2,531,1,2,2590,BURK,Zürich Bürkliplatz,47844,47904,47888
47190,2,531,1,2,2228,BOES,Zürich Börsenstrasse,47940,47970,47973
47190,2,531,1,2,1528,PARA,Zürich Paradeplatz,48000,48060,48063
47190,2,531,1,2,2657,SIHS,Zürich Sihlstrasse,48120,48168,48165
47190,2,531,1,2,1502,STAU,Zürich Stauffacher,48240,48330,48334
47190,2,531,1,2,1306,BEZI,Zürich Bezirksgebäude,48384,48426,48442
47190,2,531,1,2,1906,KALK,Zürich Kalkbreite,48462,48498,48521
47190,2,531,1,2,2248,LOCH,Zürich Lochergut,48546,48576,48639
47190,2,531,1,2,2250,ZYPR,Zürich Zypressenstrasse,48618,48648,48694
47190,2,531,1,2,1535,ALBP,Zürich Albisriederplatz,48702,48750,48781
47190,2,531,1,2,2245,LETG,Zürich Letzigrund,48810,48834,48874
47190,2,531,1,2,2253,FREI,Zürich Freihofstrasse,48882,48906,48942
47190,2,531,1,2,2244,KAPP,Zürich Kappeli,48954,48972,49023
47190,2,531,1,2,2770,GRIM,Zürich Grimselstrasse,49044,49062,49110
47190,2,531,1,2,2535,LIND,Zürich Lindenplatz,49116,49140,49187
47190,2,531,1,2,2818,BACH,Zürich Bachmattstrasse,49182,49200,49245
47190,2,531,1,2,1310,FARB,Zürich Farbhof,49254,49254,49391
49380,2,531,1,1,1310,FARB,Zürich Farbhof,49380,49380,49404
49380,2,531,1,1,2818,BACH,Zürich Bachmattstrasse,49434,49452,49471
49380,2,531,1,1,2535,LIND,Zürich Lindenplatz,49482,49512,49533
49380,2,531,1,1,2770,GRIM,Zürich Grimselstrasse,49554,49584,49602
49380,2,531,1,1,2244,KAPP,Zürich Kappeli,49650,49674,49691
49380,2,531,1,1,2253,FREI,Zürich Freihofstrasse,49722,49746,49764
49380,2,531,1,1,2245,LETG,Zürich Letzigrund,49794,49818,49829
49380,2,531,1,1,1535,ALBP,Zürich Albisriederplatz,49878,49920,49927
49380,2,531,1,1,2250,ZYPR,Zürich Zypressenstrasse,49956,49986,50005
49380,2,531,1,1,2248,LOCH,Zürich Lochergut,50022,50052,50062
49380,2,531,1,1,1906,KALK,Zürich Kalkbreite,50112,50154,50161
49380,2,531,1,1,1306,BEZI,Zürich Bezirksgebäude,50190,50232,50239
49380,2,531,1,1,1502,STAU,Zürich Stauffacher,50292,50382,50389
49380,2,531,1,1,2657,SIHS,Zürich Sihlstrasse,50460,50502,50515
49380,2,531,1,1,1528,PARA,Zürich Paradeplatz,50562,50622,50637
49380,2,531,1,1,2228,BOES,Zürich Börsenstrasse,50664,50682,50691
49380,2,531,1,1,2590,BURK,Zürich Bürkliplatz,50754,50790,50789
49380,2,531,1,1,1565,BELL,Zürich Bellevue,50868,50928,50928
49380,2,531,1,1,2104,OPER,Zürich Opernhaus,50976,51012,51010
49380,2,531,1,1,2612,KRES,Zürich Kreuzstrasse,51042,51072,51072
49380,2,531,1,1,2689,FELD,Zürich Feldeggstrasse,51114,51144,51149
49380,2,531,1,1,2615,HOES,Zürich Höschgasse,51186,51216,51216
49380,2,531,1,1,2680,FROE,Zürich Fröhlichstrasse,51264,51294,51300
49380,2,531,1,1,2651,WILD,Zürich Wildbachstrasse,51324,51348,51358
49380,2,531,1,1,2788,BTIE,Zürich Bahnhof Tiefenbrunnen,51390,51390,51693
51690,2,531,1,2,2788,BTIE,Zürich Bahnhof Tiefenbrunnen,51690,51690,51707
51690,2,531,1,2,2651,WILD,Zürich Wildbachstrasse,51750,51780,51785
51690,2,531,1,2,2680,FROE,Zürich Fröhlichstrasse,51810,51840,51844
51690,2,531,1,2,2615,HOES,Zürich Höschgasse,51876,51906,51928
51690,2,531,1,2,2689,FELD,Zürich Feldeggstrasse,51942,51978,51980
51690,2,531,1,2,2612,KRES,Zürich Kreuzstrasse,52020,52044,52048
51690,2,531,1,2,2104,OPER,Zürich Opernhaus,52092,52134,52142
51690,2,531,1,2,1565,BELL,Zürich Bellevue,52218,52272,52272
51690,2,531,1,2,2590,BURK,Zürich Bürkliplatz,52344,52404,52395
51690,2,531,1,2,2228,BOES,Zürich Börsenstrasse,52440,52470,52466
51690,2,531,1,2,1528,PARA,Zürich Paradeplatz,52500,52560,52565
51690,2,531,1,2,2657,SIHS,Zürich Sihlstrasse,52620,52668,52675
51690,2,531,1,2,1502,STAU,Zürich Stauffacher,52740,52830,52824
51690,2,531,1,2,1306,BEZI,Zürich Bezirksgebäude,52884,52926,52928
51690,2,531,1,2,1906,KALK,Zürich Kalkbreite,52962,52998,53010
51690,2,531,1,2,2248,LOCH,Zürich Lochergut,53046,53076,53085
51690,2,531,1,2,2250,ZYPR,Zürich Zypressenstrasse,53118,53148,53156
51690,2,531,1,2,1535,ALBP,Zürich Albisriederplatz,53202,53250,53264
51690,2,531,1,2,2245,LETG,Zürich Letzigrund,53310,53334,53357
51690,2,531,1,2,2253,FREI,Zürich Freihofstrasse,53382,53406,53420
51690,2,531,1,2,2244,KAPP,Zürich Kappeli,53454,53472,53492
51690,2,531,1,2,2770,GRIM,Zürich Grimselstrasse,53544,53562,53581
51690,2,531,1,2,2535,LIND,Zürich Lindenplatz,53616,53640,53646
51690,2,531,1,2,2818,BACH,Zürich Bachmattstrasse,53682,53700,53705
51690,2,531,1,2,1310,FARB,Zürich Farbhof,53754,53754,53886
53880,2,531,1,1,1310,FARB,Zürich Farbhof,53880,53880,53902
53880,2,531,1,1,2818,BACH,Zürich Bachmattstrasse,53934,53952,53962
53880,2,531,1,1,2535,LIND,Zürich Lindenplatz,53982,54012,54024
53880,2,531,1,1,2770,GRIM,Zürich Grimselstrasse,54054,54084,54106
53880,2,531,1,1,2244,KAPP,Zürich Kappeli,54150,54174,54188
53880,2,531,1,1,2253,FREI,Zürich Freihofstrasse,54222,54246,54268
53880,2,531,1,1,2245,LETG,Zürich Letzigrund,54294,54318,54330
53880,2,531,1,1,1535,ALBP,Zürich Albisriederplatz,54378,54420,54437
53880,2,531,1,1,2250,ZYPR,Zürich Zypressenstrasse,54456,54486,54504
53880,2,531,1,1,2248,LOCH,Zürich Lochergut,54522,54552,54563
53880,2,531,1,1,1906,KALK,Zürich Kalkbreite,54612,54654,54692
53880,2,531,1,1,1306,BEZI,Zürich Bezirksgebäude,54690,54732,54772
53880,2,531,1,1,1502,STAU,Zürich Stauffacher,54792,54882,54891
53880,2,531,1,1,2657,SIHS,Zürich Sihlstrasse,54960,55002,55014
53880,2,531,1,1,1528,PARA,Zürich Paradeplatz,55062,55122,55133
53880,2,531,1,1,2228,BOES,Zürich Börsenstrasse,55164,55182,55194
53880,2,531,1,1,2590,BURK,Zürich Bürkliplatz,55254,55290,55295
53880,2,531,1,1,1565,BELL,Zürich Bellevue,55368,55428,55405
53880,2,531,1,1,2104,OPER,Zürich Opernhaus,55476,55512,55518
53880,2,531,1,1,2612,KRES,Zürich Kreuzstrasse,55542,55572,55580
53880,2,531,1,1,2689,FELD,Zürich Feldeggstrasse,55614,55644,55650
53880,2,531,1,1,2615,HOES,Zürich Höschgasse,55686,55716,55720
53880,2,531,1,1,2680,FROE,Zürich Fröhlichstrasse,55764,55794,55807
53880,2,531,1,1,2651,WILD,Zürich Wildbachstrasse,55824,55848,55864
53880,2,531,1,1,2788,BTIE,Zürich Bahnhof Tiefenbrunnen,55890,55890,56186
56190,2,531,1,2,2788,BTIE,Zürich Bahnhof Tiefenbrunnen,56190,56190,56197
56190,2,531,1,2,2651,WILD,Zürich Wildbachstrasse,56250,56280,56277
56190,2,531,1,2,2680,FROE,Zürich Fröhlichstrasse,56310,56340,56340
56190,2,531,1,2,2615,HOES,Zürich Höschgasse,56376,56406,56424
56190,2,531,1,2,2689,FELD,Zürich Feldeggstrasse,56442,56478,56493
56190,2,531,1,2,2612,KRES,Zürich Kreuzstrasse,56520,56544,56559
56190,2,531,1,2,2104,OPER,Zürich Opernhaus,56592,56634,56650
56190,2,531,1,2,1565,BELL,Zürich Bellevue,56718,56772,56791
56190,2,531,1,2,2590,BURK,Zürich Bürkliplatz,56844,56904,56982
56190,2,531,1,2,2228,BOES,Zürich Börsenstrasse,56940,56970,57067
56190,2,531,1,2,1528,PARA,Zürich Paradeplatz,57000,57060,57169
56190,2,531,1,2,2657,SIHS,Zürich Sihlstrasse,57120,57168,57278
56190,2,531,1,2,1502,STAU,Zürich Stauffacher,57240,57330,57401
56190,2,531,1,2,1306,BEZI,Zürich Bezirksgebäude,57384,57426,57496
56190,2,531,1,2,1906,KALK,Zürich Kalkbreite,57462,57498,57569
56190,2,531,1,2,2248,LOCH,Zürich Lochergut,57546,57576,57643
56190,2,531,1,2,2250,ZYPR,Zürich Zypressenstrasse,57618,57648,57702
56190,2,531,1,2,1535,ALBP,Zürich Albisriederplatz,57702,57750,57789
56190,2,531,1,2,2245,LETG,Zürich Letzigrund,57810,57834,57888
56190,2,531,1,2,2253,FREI,Zürich Freihofstrasse,57882,57906,57960
56190,2,531,1,2,2244,KAPP,Zürich Kappeli,57954,57972,58038
56190,2,531,1,2,2770,GRIM,Zürich Grimselstrasse,58044,58062,58134
56190,2,531,1,2,2535,LIND,Zürich Lindenplatz,58116,58140,58221
56190,2,531,1,2,2818,BACH,Zürich Bachmattstrasse,58182,58200,58303
56190,2,531,1,2,1310,FARB,Zürich Farbhof,58254,58254,58755
58770,2,531,1,1,1310,FARB,Zürich Farbhof,58770,58770,58773
58770,2,531,1,1,2818,BACH,Zürich Bachmattstrasse,58824,58842,58828
58770,2,531,1,1,2535,LIND,Zürich Lindenplatz,58878,58914,58894
58770,2,531,1,1,2770,GRIM,Zürich Grimselstrasse,58956,58986,58961
58770,2,531,1,1,2244,KAPP,Zürich Kappeli,59052,59076,59065
58770,2,531,1,1,2253,FREI,Zürich Freihofstrasse,59124,59148,59147
58770,2,531,1,1,2245,LETG,Zürich Letzigrund,59196,59220,59232
58770,2,531,1,1,1535,ALBP,Zürich Albisriederplatz,59286,59328,59336
58770,2,531,1,1,2250,ZYPR,Zürich Zypressenstrasse,59364,59394,59405
58770,2,531,1,1,2248,LOCH,Zürich Lochergut,59436,59466,59467
58770,2,531,1,1,1906,KALK,Zürich Kalkbreite,59526,59562,59559
58770,2,531,1,1,1306,BEZI,Zürich Bezirksgebäude,59604,59646,59638
58770,2,531,1,1,1502,STAU,Zürich Stauffacher,59718,59808,59796
58770,2,531,1,1,2657,SIHS,Zürich Sihlstrasse,59880,59922,59911
58770,2,531,1,1,1528,PARA,Zürich Paradeplatz,59982,60042,60060
58770,2,531,1,1,2228,BOES,Zürich Börsenstrasse,60084,60102,60117
58770,2,531,1,1,2590,BURK,Zürich Bürkliplatz,60186,60222,60205
58770,2,531,1,1,1565,BELL,Zürich Bellevue,60312,60372,60355
58770,2,531,1,1,2104,OPER,Zürich Opernhaus,60420,60462,60465
58770,2,531,1,1,2612,KRES,Zürich Kreuzstrasse,60492,60522,60526
58770,2,531,1,1,2689,FELD,Zürich Feldeggstrasse,60570,60600,60614
58770,2,531,1,1,2615,HOES,Zürich Höschgasse,60642,60672,60680
58770,2,531,1,1,2680,FROE,Zürich Fröhlichstrasse,60720,60750,60752
58770,2,531,1,1,2651,WILD,Zürich Wildbachstrasse,60780,60804,60804
58770,2,531,1,1,2788,BTIE,Zürich Bahnhof Tiefenbrunnen,60846,60846,61074
61080,2,531,1,2,2788,BTIE,Zürich Bahnhof Tiefenbrunnen,61080,61080,61088
61080,2,531,1,2,2651,WILD,Zürich Wildbachstrasse,61140,61170,61158
61080,2,531,1,2,2680,FROE,Zürich Fröhlichstrasse,61206,61236,61229
61080,2,531,1,2,2615,HOES,Zürich Höschgasse,61278,61308,61342
61080,2,531,1,2,2689,FELD,Zürich Feldeggstrasse,61344,61380,61402
61080,2,531,1,2,2612,KRES,Zürich Kreuzstrasse,61428,61452,61468
61080,2,531,1,2,2104,OPER,Zürich Opernhaus,61500,61542,61633
61080,2,531,1,2,1565,BELL,Zürich Bellevue,61638,61692,61731
61080,2,531,1,2,2590,BURK,Zürich Bürkliplatz,61776,61836,61849
61080,2,531,1,2,2228,BOES,Zürich Börsenstrasse,61878,61914,61942
61080,2,531,1,2,1528,PARA,Zürich Paradeplatz,61950,62010,62053
61080,2,531,1,2,2657,SIHS,Zürich Sihlstrasse,62064,62118,62169
61080,2,531,1,2,1502,STAU,Zürich Stauffacher,62190,62280,62397
61080,2,531,1,2,1306,BEZI,Zürich Bezirksgebäude,62334,62376,62482
61080,2,531,1,2,1906,KALK,Zürich Kalkbreite,62418,62454,62584
61080,2,531,1,2,2248,LOCH,Zürich Lochergut,62508,62544,62676
61080,2,531,1,2,2250,ZYPR,Zürich Zypressenstrasse,62586,62616,62745
61080,2,531,1,2,1535,ALBP,Zürich Albisriederplatz,62676,62724,62867
61080,2,531,1,2,2245,LETG,Zürich Letzigrund,62796,62820,62978
61080,2,531,1,2,2253,FREI,Zürich Freihofstrasse,62862,62886,63053
61080,2,531,1,2,2244,KAPP,Zürich Kappeli,62940,62964,63135
61080,2,531,1,2,2770,GRIM,Zürich Grimselstrasse,63036,63054,63224
61080,2,531,1,2,2535,LIND,Zürich Lindenplatz,63108,63138,63312
61080,2,531,1,2,2818,BACH,Zürich Bachmattstrasse,63186,63204,63366
61080,2,531,1,2,1310,FARB,Zürich Farbhof,63258,63258,63723
63720,2,531,1,1,1310,FARB,Zürich Farbhof,63720,63720,63737
63720,2,531,1,1,2818,BACH,Zürich Bachmattstrasse,63774,63792,63794
63720,2,531,1,1,2535,LIND,Zürich Lindenplatz,63828,63864,63864
63720,2,531,1,1,2770,GRIM,Zürich Grimselstrasse,63906,63936,63932
63720,2,531,1,1,2244,KAPP,Zürich Kappeli,64002,64026,64048
63720,2,531,1,1,2253,FREI,Zürich Freihofstrasse,64074,64098,64136
63720,2,531,1,1,2245,LETG,Zürich Letzigrund,64146,64170,64208
63720,2,531,1,1,1535,ALBP,Zürich Albisriederplatz,64236,64278,64328
63720,2,531,1,1,2250,ZYPR,Zürich Zypressenstrasse,64314,64344,64395
63720,2,531,1,1,2248,LOCH,Zürich Lochergut,64386,64416,64452
63720,2,531,1,1,1906,KALK,Zürich Kalkbreite,64476,64512,64566
63720,2,531,1,1,1306,BEZI,Zürich Bezirksgebäude,64554,64596,64648
63720,2,531,1,1,1502,STAU,Zürich Stauffacher,64668,64758,64763
63720,2,531,1,1,2657,SIHS,Zürich Sihlstrasse,64830,64872,64869
63720,2,531,1,1,1528,PARA,Zürich Paradeplatz,64932,64992,65036
63720,2,531,1,1,2228,BOES,Zürich Börsenstrasse,65034,65052,65092
63720,2,531,1,1,2590,BURK,Zürich Bürkliplatz,65136,65172,65194
63720,2,531,1,1,1565,BELL,Zürich Bellevue,65262,65322,65296
63720,2,531,1,1,2104,OPER,Zürich Opernhaus,65370,65412,65423
63720,2,531,1,1,2612,KRES,Zürich Kreuzstrasse,65442,65472,65481
63720,2,531,1,1,2689,FELD,Zürich Feldeggstrasse,65520,65550,65560
63720,2,531,1,1,2615,HOES,Zürich Höschgasse,65592,65622,65626
63720,2,531,1,1,2680,FROE,Zürich Fröhlichstrasse,65670,65700,65709
63720,2,531,1,1,2651,WILD,Zürich Wildbachstrasse,65730,65754,65758
63720,2,531,1,1,2788,BTIE,Zürich Bahnhof Tiefenbrunnen,65796,65796,66020
66030,2,531,1,2,2788,BTIE,Zürich Bahnhof Tiefenbrunnen,66030,66030,66035
66030,2,531,1,2,2651,WILD,Zürich Wildbachstrasse,66090,66120,66109
66030,2,531,1,2,2680,FROE,Zürich Fröhlichstrasse,66156,66186,66186
66030,2,531,1,2,2615,HOES,Zürich Höschgasse,66228,66258,66258
66030,2,531,1,2,2689,FELD,Zürich Feldeggstrasse,66294,66330,66323
66030,2,531,1,2,2612,KRES,Zürich Kreuzstrasse,66378,66402,66397
66030,2,531,1,2,2104,OPER,Zürich Opernhaus,66450,66492,66499
66030,2,531,1,2,1565,BELL,Zürich Bellevue,66588,66642,66643
66030,2,531,1,2,2590,BURK,Zürich Bürkliplatz,66726,66786,66732
66030,2,531,1,2,2228,BOES,Zürich Börsenstrasse,66828,66864,66823
66030,2,531,1,2,1528,PARA,Zürich Paradeplatz,66900,66960,66926
66030,2,531,1,2,2657,SIHS,Zürich Sihlstrasse,67014,67068,67044
66030,2,531,1,2,1502,STAU,Zürich Stauffacher,67140,67230,67253
66030,2,531,1,2,1306,BEZI,Zürich Bezirksgebäude,67284,67326,67347
66030,2,531,1,2,1906,KALK,Zürich Kalkbreite,67368,67404,67464
66030,2,531,1,2,2248,LOCH,Zürich Lochergut,67458,67494,67573
66030,2,531,1,2,2250,ZYPR,Zürich Zypressenstrasse,67536,67566,67651
66030,2,531,1,2,1535,ALBP,Zürich Albisriederplatz,67626,67674,67784
66030,2,531,1,2,2245,LETG,Zürich Letzigrund,67746,67770,67912
66030,2,531,1,2,2253,FREI,Zürich Freihofstrasse,67812,67836,67975
66030,2,531,1,2,2244,KAPP,Zürich Kappeli,67890,67914,68075
66030,2,531,1,2,2770,GRIM,Zürich Grimselstrasse,67986,68004,68157
66030,2,531,1,2,2535,LIND,Zürich Lindenplatz,68058,68088,68260
66030,2,531,1,2,2818,BACH,Zürich Bachmattstrasse,68136,68154,68307
66030,2,531,1,2,1310,FARB,Zürich Farbhof,68208,68208,68765
68730,2,531,1,1,1310,FARB,Zürich Farbhof,68730,68730,68779
68730,2,531,1,1,2818,BACH,Zürich Bachmattstrasse,68784,68802,68829
68730,2,531,1,1,2535,LIND,Zürich Lindenplatz,68832,68862,68887
68730,2,531,1,1,2770,GRIM,Zürich Grimselstrasse,68904,68934,68949
68730,2,531,1,1,2244,KAPP,Zürich Kappeli,69000,69024,69033
68730,2,531,1,1,2253,FREI,Zürich Freihofstrasse,69072,69096,69105
68730,2,531,1,1,2245,LETG,Zürich Letzigrund,69144,69168,69178
68730,2,531,1,1,1535,ALBP,Zürich Albisriederplatz,69228,69270,69274
68730,2,531,1,1,2250,ZYPR,Zürich Zypressenstrasse,69306,69336,69335
68730,2,531,1,1,2248,LOCH,Zürich Lochergut,69372,69402,69392
68730,2,531,1,1,1906,KALK,Zürich Kalkbreite,69462,69504,69507
68730,2,531,1,1,1306,BEZI,Zürich Bezirksgebäude,69540,69582,69580
68730,2,531,1,1,1502,STAU,Zürich Stauffacher,69642,69732,69735
68730,2,531,1,1,2657,SIHS,Zürich Sihlstrasse,69810,69852,69874
68730,2,531,1,1,1528,PARA,Zürich Paradeplatz,69912,69972,69973
68730,2,531,1,1,2228,BOES,Zürich Börsenstrasse,70014,70032,70029
68730,2,531,1,1,2590,BURK,Zürich Bürkliplatz,70104,70140,70138
68730,2,531,1,1,1565,BELL,Zürich Bellevue,70218,70278,70261
68730,2,531,1,1,2104,OPER,Zürich Opernhaus,70326,70362,70348
68730,2,531,1,1,2612,KRES,Zürich Kreuzstrasse,70392,70422,70401
68730,2,531,1,1,2689,FELD,Zürich Feldeggstrasse,70464,70494,70474
68730,2,531,1,1,2615,HOES,Zürich Höschgasse,70536,70566,70536
68730,2,531,1,1,2680,FROE,Zürich Fröhlichstrasse,70614,70644,70607
68730,2,531,1,1,2651,WILD,Zürich Wildbachstrasse,70674,70698,70652
68730,2,531,1,1,2788,BTIE,Zürich Bahnhof Tiefenbrunnen,70740,70740,71141
71040,2,531,1,2,2788,BTIE,Zürich Bahnhof Tiefenbrunnen,71040,71040,71152
71040,2,531,1,2,2651,WILD,Zürich Wildbachstrasse,71100,71130,71220
71040,2,531,1,2,2680,FROE,Zürich Fröhlichstrasse,71160,71190,71270
71040,2,531,1,2,2615,HOES,Zürich Höschgasse,71226,71256,71341
71040,2,531,1,2,2689,FELD,Zürich Feldeggstrasse,71292,71328,71392
71040,2,531,1,2,2612,KRES,Zürich Kreuzstrasse,71370,71394,71459
71040,2,531,1,2,2104,OPER,Zürich Opernhaus,71442,71484,71542
71040,2,531,1,2,1565,BELL,Zürich Bellevue,71568,71622,71630
71040,2,531,1,2,2590,BURK,Zürich Bürkliplatz,71694,71754,71752
71040,2,531,1,2,2228,BOES,Zürich Börsenstrasse,71790,71820,71822
71040,2,531,1,2,1528,PARA,Zürich Paradeplatz,71850,71910,71898
71040,2,531,1,2,2657,SIHS,Zürich Sihlstrasse,71970,72018,71999
71040,2,531,1,2,1502,STAU,Zürich Stauffacher,72090,72180,72276
71040,2,531,1,2,1306,BEZI,Zürich Bezirksgebäude,72234,72276,72348
71040,2,531,1,2,1906,KALK,Zürich Kalkbreite,72312,72348,72420
71040,2,531,1,2,2248,LOCH,Zürich Lochergut,72396,72426,72487
71040,2,531,1,2,2250,ZYPR,Zürich Zypressenstrasse,72468,72498,72545
71040,2,531,1,2,1535,ALBP,Zürich Albisriederplatz,72552,72600,72615
71040,2,531,1,2,2245,LETG,Zürich Letzigrund,72660,72684,72702
71040,2,531,1,2,2253,FREI,Zürich Freihofstrasse,72732,72756,72762
71040,2,531,1,2,2244,KAPP,Zürich Kappeli,72804,72822,72828
71040,2,531,1,2,2770,GRIM,Zürich Grimselstrasse,72894,72912,72907
71040,2,531,1,2,2535,LIND,Zürich Lindenplatz,72966,72990,72964
71040,2,531,1,2,2818,BACH,Zürich Bachmattstrasse,73032,73050,73013
71040,2,531,1,2,1310,FARB,Zürich Farbhof,73104,73104,73410
73320,2,531,1,1,1310,FARB,Zürich Farbhof,73320,73320,73424
73320,2,531,1,1,2818,BACH,Zürich Bachmattstrasse,73368,73380,73470
73320,2,531,1,1,2535,LIND,Zürich Lindenplatz,73410,73440,73526
73320,2,531,1,1,2770,GRIM,Zürich Grimselstrasse,73482,73506,73581
73320,2,531,1,1,2244,KAPP,Zürich Kappeli,73572,73596,73662
73320,2,531,1,1,2253,FREI,Zürich Freihofstrasse,73638,73656,73732
73320,2,531,1,1,2245,LETG,Zürich Letzigrund,73704,73728,73800
73320,2,531,1,1,1535,ALBP,Zürich Albisriederplatz,73782,73818,73886
73320,2,531,1,1,2250,ZYPR,Zürich Zypressenstrasse,73854,73884,73941
73320,2,531,1,1,2248,LOCH,Zürich Lochergut,73920,73950,73998
73320,2,531,1,1,1906,KALK,Zürich Kalkbreite,74010,74040,74086
73320,2,531,1,1,1306,BEZI,Zürich Bezirksgebäude,74076,74106,74158
73320,2,531,1,1,1502,STAU,Zürich Stauffacher,74166,74256,74268
73320,2,531,1,1,2657,SIHS,Zürich Sihlstrasse,74322,74358,74383
73320,2,531,1,1,1528,PARA,Zürich Paradeplatz,74418,74466,74512
73320,2,531,1,1,2228,BOES,Zürich Börsenstrasse,74502,74520,74558
73320,2,531,1,1,2590,BURK,Zürich Bürkliplatz,74586,74616,74675
73320,2,531,1,1,1565,BELL,Zürich Bellevue,74688,74748,74780
73320,2,531,1,1,2104,OPER,Zürich Opernhaus,74790,74826,74851
73320,2,531,1,1,2612,KRES,Zürich Kreuzstrasse,74850,74886,74897
73320,2,531,1,1,2689,FELD,Zürich Feldeggstrasse,74928,74958,74971
73320,2,531,1,1,2615,HOES,Zürich Höschgasse,74994,75024,75032
73320,2,531,1,1,2680,FROE,Zürich Fröhlichstrasse,75060,75090,75103
73320,2,531,1,1,2651,WILD,Zürich Wildbachstrasse,75120,75144,75151
73320,2,531,1,1,2788,BTIE,Zürich Bahnhof Tiefenbrunnen,75186,75186,75330
75300,2,531,1,2,2788,BTIE,Zürich Bahnhof Tiefenbrunnen,75300,75300,75347
75300,2,531,1,2,2651,WILD,Zürich Wildbachstrasse,75354,75384,75410
75300,2,531,1,2,2680,FROE,Zürich Fröhlichstrasse,75414,75444,75656
75300,2,531,1,2,2615,HOES,Zürich Höschgasse,75480,75510,75727
75300,2,531,1,2,2689,FELD,Zürich Feldeggstrasse,75540,75576,75800
75300,2,531,1,2,2612,KRES,Zürich Kreuzstrasse,75618,75636,75861
75300,2,531,1,2,2104,OPER,Zürich Opernhaus,75684,75720,75924
75300,2,531,1,2,1565,BELL,Zürich Bellevue,75798,75852,76044
75300,2,531,1,2,2590,BURK,Zürich Bürkliplatz,75912,75966,76202
75300,2,531,1,2,2228,BOES,Zürich Börsenstrasse,76002,76032,76275
75300,2,531,1,2,1528,PARA,Zürich Paradeplatz,76062,76110,76341
75300,2,531,1,2,2657,SIHS,Zürich Sihlstrasse,76158,76200,76428
75300,2,531,1,2,1502,STAU,Zürich Stauffacher,76260,76350,76530
75300,2,531,1,2,1306,BEZI,Zürich Bezirksgebäude,76404,76440,76601
75300,2,531,1,2,1906,KALK,Zürich Kalkbreite,76476,76506,76671
75300,2,531,1,2,2248,LOCH,Zürich Lochergut,76548,76578,76760
75300,2,531,1,2,2250,ZYPR,Zürich Zypressenstrasse,76614,76638,76807
75300,2,531,1,2,1535,ALBP,Zürich Albisriederplatz,76692,76734,76875
75300,2,531,1,2,2245,LETG,Zürich Letzigrund,76794,76812,76954
75300,2,531,1,2,2253,FREI,Zürich Freihofstrasse,76860,76878,77012
75300,2,531,1,2,2244,KAPP,Zürich Kappeli,76926,76944,77075
75300,2,531,1,2,2770,GRIM,Zürich Grimselstrasse,77010,77028,77152
75300,2,531,1,2,2535,LIND,Zürich Lindenplatz,77082,77100,77204
75300,2,531,1,2,2818,BACH,Zürich Bachmattstrasse,77136,77148,77252
75300,2,531,1,2,1310,FARB,Zürich Farbhof,77202,77202,77560
77520,2,531,1,1,1310,FARB,Zürich Farbhof,77520,77520,77575
77520,2,531,1,1,2818,BACH,Zürich Bachmattstrasse,77568,77580,77620
77520,2,531,1,1,2535,LIND,Zürich Lindenplatz,77610,77640,77669
77520,2,531,1,1,2770,GRIM,Zürich Grimselstrasse,77682,77706,77718
77520,2,531,1,1,2244,KAPP,Zürich Kappeli,77772,77796,77792
77520,2,531,1,1,2253,FREI,Zürich Freihofstrasse,77838,77856,77853
77520,2,531,1,1,2245,LETG,Zürich Letzigrund,77904,77928,77957
77520,2,531,1,1,1535,ALBP,Zürich Albisriederplatz,77982,78018,78044
77520,2,531,1,1,2250,ZYPR,Zürich Zypressenstrasse,78054,78084,78104
77520,2,531,1,1,2248,LOCH,Zürich Lochergut,78120,78150,78164
77520,2,531,1,1,1906,KALK,Zürich Kalkbreite,78210,78240,78237
77520,2,531,1,1,1306,BEZI,Zürich Bezirksgebäude,78276,78306,78311
77520,2,531,1,1,1502,STAU,Zürich Stauffacher,78366,78456,78467
77520,2,531,1,1,2657,SIHS,Zürich Sihlstrasse,78522,78558,78554
77520,2,531,1,1,1528,PARA,Zürich Paradeplatz,78618,78666,78679
77520,2,531,1,1,2228,BOES,Zürich Börsenstrasse,78702,78720,78734
77520,2,531,1,1,2590,BURK,Zürich Bürkliplatz,78786,78816,78816
77520,2,531,1,1,1565,BELL,Zürich Bellevue,78888,78948,78916
77520,2,531,1,1,2104,OPER,Zürich Opernhaus,78990,79026,78987
77520,2,531,1,1,2612,KRES,Zürich Kreuzstrasse,79050,79086,79053
77520,2,531,1,1,2689,FELD,Zürich Feldeggstrasse,79128,79158,79121
77520,2,531,1,1,2615,HOES,Zürich Höschgasse,79194,79224,79173
77520,2,531,1,1,2680,FROE,Zürich Fröhlichstrasse,79260,79290,79230
77520,2,531,1,1,2651,WILD,Zürich Wildbachstrasse,79320,79344,79277
77520,2,531,1,1,2788,BTIE,Zürich Bahnhof Tiefenbrunnen,79386,79386,79545
79500,2,531,1,2,2788,BTIE,Zürich Bahnhof Tiefenbrunnen,79500,79500,79557
79500,2,531,1,2,2651,WILD,Zürich Wildbachstrasse,79554,79584,79636
79500,2,531,1,2,2680,FROE,Zürich Fröhlichstrasse,79614,79644,79686
79500,2,531,1,2,2615,HOES,Zürich Höschgasse,79680,79710,79750
79500,2,531,1,2,2689,FELD,Zürich Feldeggstrasse,79740,79776,79798
79500,2,531,1,2,2612,KRES,Zürich Kreuzstrasse,79818,79836,79851
79500,2,531,1,2,2104,OPER,Zürich Opernhaus,79884,79920,79920
79500,2,531,1,2,1565,BELL,Zürich Bellevue,79998,80052,80006
79500,2,531,1,2,2590,BURK,Zürich Bürkliplatz,80112,80166,80111
79500,2,531,1,2,2228,BOES,Zürich Börsenstrasse,80202,80232,80191
79500,2,531,1,2,1528,PARA,Zürich Paradeplatz,80262,80310,80263
79500,2,531,1,2,2657,SIHS,Zürich Sihlstrasse,80358,80400,80361
79500,2,531,1,2,1502,STAU,Zürich Stauffacher,80460,80550,80510
79500,2,531,1,2,1306,BEZI,Zürich Bezirksgebäude,80604,80640,80596
79500,2,531,1,2,1906,KALK,Zürich Kalkbreite,80676,80706,80677
79500,2,531,1,2,2248,LOCH,Zürich Lochergut,80748,80778,80759
79500,2,531,1,2,2250,ZYPR,Zürich Zypressenstrasse,80814,80838,80815
79500,2,531,1,2,1535,ALBP,Zürich Albisriederplatz,80892,80934,80908
79500,2,531,1,2,2245,LETG,Zürich Letzigrund,80994,81012,80995
79500,2,531,1,2,2253,FREI,Zürich Freihofstrasse,81060,81078,81051
79500,2,531,1,2,2244,KAPP,Zürich Kappeli,81126,81144,81111
79500,2,531,1,2,2770,GRIM,Zürich Grimselstrasse,81210,81228,81190
79500,2,531,1,2,2535,LIND,Zürich Lindenplatz,81282,81300,81273
79500,2,531,1,2,2818,BACH,Zürich Bachmattstrasse,81336,81348,81356
79500,2,531,1,2,1310,FARB,Zürich Farbhof,81402,81402,81541
81540,2,531,1,1,1310,FARB,Zürich Farbhof,81540,81540,81554
81540,2,531,1,1,2818,BACH,Zürich Bachmattstrasse,81588,81600,81594
81540,2,531,1,1,2535,LIND,Zürich Lindenplatz,81630,81660,81649
81540,2,531,1,1,2770,GRIM,Zürich Grimselstrasse,81702,81726,81722
81540,2,531,1,1,2244,KAPP,Zürich Kappeli,81792,81816,81799
81540,2,531,1,1,2253,FREI,Zürich Freihofstrasse,81858,81876,81852
81540,2,531,1,1,2245,LETG,Zürich Letzigrund,81924,81948,81909
81540,2,531,1,1,1535,ALBP,Zürich Albisriederplatz,82002,82038,81996
81540,2,531,1,1,2250,ZYPR,Zürich Zypressenstrasse,82074,82104,82053
81540,2,531,1,1,2248,LOCH,Zürich Lochergut,82140,82170,82111
81540,2,531,1,1,1906,KALK,Zürich Kalkbreite,82230,82230,82213
82290,2,531,1,2,1906,KALK,Zürich Kalkbreite,82290,82290,82306
17580,2,531,2,1,2251,DEP4,Zürich Depot 4 Elisabethenstr,17580,17580,17584
17640,2,531,2,2,1906,KALK,Zürich Kalkbreite,17640,17640,17663
17640,2,531,2,2,2248,LOCH,Zürich Lochergut,17682,17712,17732
17640,2,531,2,2,2250,ZYPR,Zürich Zypressenstrasse,17748,17772,17786
17640,2,531,2,2,1535,ALBP,Zürich Albisriederplatz,17826,17868,17855
17640,2,531,2,2,2245,LETG,Zürich Letzigrund,17928,17946,17949
17640,2,531,2,2,2253,FREI,Zürich Freihofstrasse,17994,18012,18015
17640,2,531,2,2,2244,KAPP,Zürich Kappeli,18060,18078,18102
17640,2,531,2,2,2770,GRIM,Zürich Grimselstrasse,18144,18162,18196
17640,2,531,2,2,2535,LIND,Zürich Lindenplatz,18216,18234,18312
17640,2,531,2,2,2818,BACH,Zürich Bachmattstrasse,18270,18282,18367
17640,2,531,2,2,1310,FARB,Zürich Farbhof,18336,18336,18456
18420,2,531,2,1,1310,FARB,Zürich Farbhof,18420,18420,18470
18420,2,531,2,1,2818,BACH,Zürich Bachmattstrasse,18468,18480,18522
18420,2,531,2,1,2535,LIND,Zürich Lindenplatz,18510,18540,18577
18420,2,531,2,1,2770,GRIM,Zürich Grimselstrasse,18582,18606,18649
18420,2,531,2,1,2244,KAPP,Zürich Kappeli,18672,18696,18727
18420,2,531,2,1,2253,FREI,Zürich Freihofstrasse,18738,18756,18795
18420,2,531,2,1,2245,LETG,Zürich Letzigrund,18804,18828,18855
18420,2,531,2,1,1535,ALBP,Zürich Albisriederplatz,18882,18918,18938
18420,2,531,2,1,2250,ZYPR,Zürich Zypressenstrasse,18954,18984,19002
18420,2,531,2,1,2248,LOCH,Zürich Lochergut,19020,19050,19059
18420,2,531,2,1,1906,KALK,Zürich Kalkbreite,19110,19140,19139
18420,2,531,2,1,1306,BEZI,Zürich Bezirksgebäude,19176,19206,19209
18420,2,531,2,1,1502,STAU,Zürich Stauffacher,19266,19356,19345
18420,2,531,2,1,2657,SIHS,Zürich Sihlstrasse,19422,19458,19451
18420,2,531,2,1,1528,PARA,Zürich Paradeplatz,19518,19566,19550
18420,2,531,2,1,2228,BOES,Zürich Börsenstrasse,19602,19620,19607
18420,2,531,2,1,2590,BURK,Zürich Bürkliplatz,19686,19716,19683
18420,2,531,2,1,1565,BELL,Zürich Bellevue,19788,19848,19815
18420,2,531,2,1,2104,OPER,Zürich Opernhaus,19890,19926,19896
18420,2,531,2,1,2612,KRES,Zürich Kreuzstrasse,19950,19986,19955
18420,2,531,2,1,2689,FELD,Zürich Feldeggstrasse,20028,20058,20022
18420,2,531,2,1,2615,HOES,Zürich Höschgasse,20094,20124,20089
18420,2,531,2,1,2680,FROE,Zürich Fröhlichstrasse,20160,20190,20163
18420,2,531,2,1,2651,WILD,Zürich Wildbachstrasse,20220,20244,20212
18420,2,531,2,1,2788,BTIE,Zürich Bahnhof Tiefenbrunnen,20286,20286,20793
20820,2,531,2,2,2788,BTIE,Zürich Bahnhof Tiefenbrunnen,20820,20820,20805
20820,2,531,2,2,2651,WILD,Zürich Wildbachstrasse,20874,20904,20869
20820,2,531,2,2,2680,FROE,Zürich Fröhlichstrasse,20934,20964,20924
20820,2,531,2,2,2615,HOES,Zürich Höschgasse,21000,21030,20993
20820,2,531,2,2,2689,FELD,Zürich Feldeggstrasse,21060,21096,21047
20820,2,531,2,2,2612,KRES,Zürich Kreuzstrasse,21138,21156,21105
20820,2,531,2,2,2104,OPER,Zürich Opernhaus,21204,21240,21198
20820,2,531,2,2,1565,BELL,Zürich Bellevue,21318,21372,21310
20820,2,531,2,2,2590,BURK,Zürich Bürkliplatz,21432,21486,21390
20820,2,531,2,2,2228,BOES,Zürich Börsenstrasse,21522,21552,21471
20820,2,531,2,2,1528,PARA,Zürich Paradeplatz,21582,21630,21577
20820,2,531,2,2,2657,SIHS,Zürich Sihlstrasse,21678,21720,21680
20820,2,531,2,2,1502,STAU,Zürich Stauffacher,21780,21870,21839
20820,2,531,2,2,1306,BEZI,Zürich Bezirksgebäude,21924,21960,21922
20820,2,531,2,2,1906,KALK,Zürich Kalkbreite,21996,22026,21995
20820,2,531,2,2,2248,LOCH,Zürich Lochergut,22068,22098,22076
20820,2,531,2,2,2250,ZYPR,Zürich Zypressenstrasse,22134,22158,22134
20820,2,531,2,2,1535,ALBP,Zürich Albisriederplatz,22212,22254,22209
20820,2,531,2,2,2245,LETG,Zürich Letzigrund,22314,22332,22297
20820,2,531,2,2,2253,FREI,Zürich Freihofstrasse,22380,22398,22362
20820,2,531,2,2,2244,KAPP,Zürich Kappeli,22446,22464,22439
20820,2,531,2,2,2770,GRIM,Zürich Grimselstrasse,22530,22548,22522
20820,2,531,2,2,2535,LIND,Zürich Lindenplatz,22602,22620,22581
20820,2,531,2,2,2818,BACH,Zürich Bachmattstrasse,22656,22668,22636
20820,2,531,2,2,1310,FARB,Zürich Farbhof,22722,22722,22884
22920,2,531,2,1,1310,FARB,Zürich Farbhof,22920,22920,22902
22920,2,531,2,1,2818,BACH,Zürich Bachmattstrasse,22968,22980,22955
22920,2,531,2,1,2535,LIND,Zürich Lindenplatz,23010,23040,23017
22920,2,531,2,1,2770,GRIM,Zürich Grimselstrasse,23082,23106,23094
22920,2,531,2,1,2244,KAPP,Zürich Kappeli,23172,23196,23182
22920,2,531,2,1,2253,FREI,Zürich Freihofstrasse,23238,23256,23259
22920,2,531,2,1,2245,LETG,Zürich Letzigrund,23304,23328,23324
22920,2,531,2,1,1535,ALBP,Zürich Albisriederplatz,23382,23418,23417
22920,2,531,2,1,2250,ZYPR,Zürich Zypressenstrasse,23454,23484,23484
22920,2,531,2,1,2248,LOCH,Zürich Lochergut,23520,23550,23544
22920,2,531,2,1,1906,KALK,Zürich Kalkbreite,23610,23640,23660
22920,2,531,2,1,1306,BEZI,Zürich Bezirksgebäude,23676,23706,23731
22920,2,531,2,1,1502,STAU,Zürich Stauffacher,23766,23856,23988
22920,2,531,2,1,2657,SIHS,Zürich Sihlstrasse,23922,23958,24077
22920,2,531,2,1,1528,PARA,Zürich Paradeplatz,24018,24066,24219
22920,2,531,2,1,2228,BOES,Zürich Börsenstrasse,24102,24120,24277
22920,2,531,2,1,2590,BURK,Zürich Bürkliplatz,24186,24216,24371
22920,2,531,2,1,1565,BELL,Zürich Bellevue,24288,24348,24510
22920,2,531,2,1,2104,OPER,Zürich Opernhaus,24390,24426,24594
22920,2,531,2,1,2612,KRES,Zürich Kreuzstrasse,24450,24486,24653
22920,2,531,2,1,2689,FELD,Zürich Feldeggstrasse,24528,24558,24737
22920,2,531,2,1,2615,HOES,Zürich Höschgasse,24594,24624,24803
22920,2,531,2,1,2680,FROE,Zürich Fröhlichstrasse,24660,24690,24872
22920,2,531,2,1,2651,WILD,Zürich Wildbachstrasse,24720,24744,24926
22920,2,531,2,1,2788,BTIE,Zürich Bahnhof Tiefenbrunnen,24786,24786,25119
25140,2,531,2,2,2788,BTIE,Zürich Bahnhof Tiefenbrunnen,25140,25140,25132
25140,2,531,2,2,2651,WILD,Zürich Wildbachstrasse,25200,25230,25214
25140,2,531,2,2,2680,FROE,Zürich Fröhlichstrasse,25260,25290,25273
25140,2,531,2,2,2615,HOES,Zürich Höschgasse,25326,25356,25342
25140,2,531,2,2,2689,FELD,Zürich Feldeggstrasse,25392,25428,25396
25140,2,531,2,2,2612,KRES,Zürich Kreuzstrasse,25470,25494,25462
25140,2,531,2,2,2104,OPER,Zürich Opernhaus,25542,25578,25546
25140,2,531,2,2,1565,BELL,Zürich Bellevue,25662,25716,25692
25140,2,531,2,2,2590,BURK,Zürich Bürkliplatz,25794,25854,25837
25140,2,531,2,2,2228,BOES,Zürich Börsenstrasse,25890,25920,25920
25140,2,531,2,2,1528,PARA,Zürich Paradeplatz,25956,26010,25997
25140,2,531,2,2,2657,SIHS,Zürich Sihlstrasse,26058,26106,26103
25140,2,531,2,2,1502,STAU,Zürich Stauffacher,26178,26268,26240
25140,2,531,2,2,1306,BEZI,Zürich Bezirksgebäude,26322,26364,26333
25140,2,531,2,2,1906,KALK,Zürich Kalkbreite,26406,26436,26417
25140,2,531,2,2,2248,LOCH,Zürich Lochergut,26484,26514,26512
25140,2,531,2,2,2250,ZYPR,Zürich Zypressenstrasse,26556,26586,26577
25140,2,531,2,2,1535,ALBP,Zürich Albisriederplatz,26640,26688,26662
25140,2,531,2,2,2245,LETG,Zürich Letzigrund,26754,26778,26758
25140,2,531,2,2,2253,FREI,Zürich Freihofstrasse,26826,26850,26828
25140,2,531,2,2,2244,KAPP,Zürich Kappeli,26898,26922,26906
25140,2,531,2,2,2770,GRIM,Zürich Grimselstrasse,26994,27012,26995
25140,2,531,2,2,2535,LIND,Zürich Lindenplatz,27066,27096,27062
25140,2,531,2,2,2818,BACH,Zürich Bachmattstrasse,27138,27156,27119
25140,2,531,2,2,1310,FARB,Zürich Farbhof,27210,27210,27367
27360,2,531,2,1,1310,FARB,Zürich Farbhof,27360,27360,27380
27360,2,531,2,1,2818,BACH,Zürich Bachmattstrasse,27414,27432,27443
27360,2,531,2,1,2535,LIND,Zürich Lindenplatz,27462,27492,27511
27360,2,531,2,1,2770,GRIM,Zürich Grimselstrasse,27534,27564,27584
27360,2,531,2,1,2244,KAPP,Zürich Kappeli,27630,27654,27677
27360,2,531,2,1,2253,FREI,Zürich Freihofstrasse,27702,27726,27757
27360,2,531,2,1,2245,LETG,Zürich Letzigrund,27774,27798,27824
27360,2,531,2,1,1535,ALBP,Zürich Albisriederplatz,27858,27894,27926
27360,2,531,2,1,2250,ZYPR,Zürich Zypressenstrasse,27930,27960,27996
27360,2,531,2,1,2248,LOCH,Zürich Lochergut,28002,28032,28071
27360,2,531,2,1,1906,KALK,Zürich Kalkbreite,28092,28122,28166
27360,2,531,2,1,1306,BEZI,Zürich Bezirksgebäude,28164,28206,28249
27360,2,531,2,1,1502,STAU,Zürich Stauffacher,28266,28356,28377
27360,2,531,2,1,2657,SIHS,Zürich Sihlstrasse,28416,28458,28533
27360,2,531,2,1,1528,PARA,Zürich Paradeplatz,28518,28578,28635
27360,2,531,2,1,2228,BOES,Zürich Börsenstrasse,28620,28638,28697
27360,2,531,2,1,2590,BURK,Zürich Bürkliplatz,28710,28746,28790
27360,2,531,2,1,1565,BELL,Zürich Bellevue,28830,28890,28896
27360,2,531,2,1,2104,OPER,Zürich Opernhaus,28944,28986,29011
27360,2,531,2,1,2612,KRES,Zürich Kreuzstrasse,29016,29052,29077
27360,2,531,2,1,2689,FELD,Zürich Feldeggstrasse,29094,29124,29166
27360,2,531,2,1,2615,HOES,Zürich Höschgasse,29166,29196,29246
27360,2,531,2,1,2680,FROE,Zürich Fröhlichstrasse,29244,29274,29325
27360,2,531,2,1,2651,WILD,Zürich Wildbachstrasse,29304,29328,29385
27360,2,531,2,1,2788,BTIE,Zürich Bahnhof Tiefenbrunnen,29370,29370,29617
29640,2,531,2,2,2788,BTIE,Zürich Bahnhof Tiefenbrunnen,29640,29640,29632
29640,2,531,2,2,2651,WILD,Zürich Wildbachstrasse,29700,29730,29707
29640,2,531,2,2,2680,FROE,Zürich Fröhlichstrasse,29760,29790,29772
29640,2,531,2,2,2615,HOES,Zürich Höschgasse,29826,29856,29848
29640,2,531,2,2,2689,FELD,Zürich Feldeggstrasse,29892,29928,29920
29640,2,531,2,2,2612,KRES,Zürich Kreuzstrasse,29970,29994,29992
29640,2,531,2,2,2104,OPER,Zürich Opernhaus,30042,30078,30082
29640,2,531,2,2,1565,BELL,Zürich Bellevue,30162,30216,30199
29640,2,531,2,2,2590,BURK,Zürich Bürkliplatz,30294,30354,30417
29640,2,531,2,2,2228,BOES,Zürich Börsenstrasse,30390,30420,30509
29640,2,531,2,2,1528,PARA,Zürich Paradeplatz,30456,30510,30582
29640,2,531,2,2,2657,SIHS,Zürich Sihlstrasse,30558,30606,30678
29640,2,531,2,2,1502,STAU,Zürich Stauffacher,30678,30768,30804
29640,2,531,2,2,1306,BEZI,Zürich Bezirksgebäude,30822,30864,30911
29640,2,531,2,2,1906,KALK,Zürich Kalkbreite,30906,30936,31000
29640,2,531,2,2,2248,LOCH,Zürich Lochergut,30984,31014,31094
29640,2,531,2,2,2250,ZYPR,Zürich Zypressenstrasse,31056,31086,31148
29640,2,531,2,2,1535,ALBP,Zürich Albisriederplatz,31140,31188,31257
29640,2,531,2,2,2245,LETG,Zürich Letzigrund,31254,31278,31348
29640,2,531,2,2,2253,FREI,Zürich Freihofstrasse,31326,31350,31413
29640,2,531,2,2,2244,KAPP,Zürich Kappeli,31398,31422,31493
29640,2,531,2,2,2770,GRIM,Zürich Grimselstrasse,31494,31512,31574
29640,2,531,2,2,2535,LIND,Zürich Lindenplatz,31566,31596,31637
29640,2,531,2,2,2818,BACH,Zürich Bachmattstrasse,31638,31656,31694
29640,2,531,2,2,1310,FARB,Zürich Farbhof,31710,31710,31833
31830,2,531,2,1,1310,FARB,Zürich Farbhof,31830,31830,31851
31830,2,531,2,1,2818,BACH,Zürich Bachmattstrasse,31884,31902,31905
31830,2,531,2,1,2535,LIND,Zürich Lindenplatz,31932,31962,31973
31830,2,531,2,1,2770,GRIM,Zürich Grimselstrasse,32004,32034,32033
31830,2,531,2,1,2244,KAPP,Zürich Kappeli,32100,32124,32122
31830,2,531,2,1,2253,FREI,Zürich Freihofstrasse,32172,32196,32190
31830,2,531,2,1,2245,LETG,Zürich Letzigrund,32244,32268,32254
31830,2,531,2,1,1535,ALBP,Zürich Albisriederplatz,32328,32370,32351
31830,2,531,2,1,2250,ZYPR,Zürich Zypressenstrasse,32406,32436,32454
31830,2,531,2,1,2248,LOCH,Zürich Lochergut,32472,32502,32521
31830,2,531,2,1,1906,KALK,Zürich Kalkbreite,32562,32604,32622
31830,2,531,2,1,1306,BEZI,Zürich Bezirksgebäude,32640,32682,32697
31830,2,531,2,1,1502,STAU,Zürich Stauffacher,32742,32832,32835
31830,2,531,2,1,2657,SIHS,Zürich Sihlstrasse,32910,32952,32954
31830,2,531,2,1,1528,PARA,Zürich Paradeplatz,33012,33072,33073
31830,2,531,2,1,2228,BOES,Zürich Börsenstrasse,33114,33132,33133
31830,2,531,2,1,2590,BURK,Zürich Bürkliplatz,33204,33240,33239
31830,2,531,2,1,1565,BELL,Zürich Bellevue,33318,33378,33374
31830,2,531,2,1,2104,OPER,Zürich Opernhaus,33426,33462,33465
31830,2,531,2,1,2612,KRES,Zürich Kreuzstrasse,33492,33522,33527
31830,2,531,2,1,2689,FELD,Zürich Feldeggstrasse,33564,33594,33600
31830,2,531,2,1,2615,HOES,Zürich Höschgasse,33636,33666,33667
31830,2,531,2,1,2680,FROE,Zürich Fröhlichstrasse,33714,33744,33746
31830,2,531,2,1,2651,WILD,Zürich Wildbachstrasse,33774,33798,33802
31830,2,531,2,1,2788,BTIE,Zürich Bahnhof Tiefenbrunnen,33840,33840,34146
34140,2,531,2,2,2788,BTIE,Zürich Bahnhof Tiefenbrunnen,34140,34140,34157
34140,2,531,2,2,2651,WILD,Zürich Wildbachstrasse,34200,34230,34235
34140,2,531,2,2,2680,FROE,Zürich Fröhlichstrasse,34260,34290,34292
34140,2,531,2,2,2615,HOES,Zürich Höschgasse,34326,34356,34361
34140,2,531,2,2,2689,FELD,Zürich Feldeggstrasse,34392,34428,34426
34140,2,531,2,2,2612,KRES,Zürich Kreuzstrasse,34470,34494,34496
34140,2,531,2,2,2104,OPER,Zürich Opernhaus,34542,34584,34588
34140,2,531,2,2,1565,BELL,Zürich Bellevue,34668,34722,34718
34140,2,531,2,2,2590,BURK,Zürich Bürkliplatz,34794,34854,34835
34140,2,531,2,2,2228,BOES,Zürich Börsenstrasse,34890,34920,34928
34140,2,531,2,2,1528,PARA,Zürich Paradeplatz,34950,35010,35003
34140,2,531,2,2,2657,SIHS,Zürich Sihlstrasse,35070,35118,35133
34140,2,531,2,2,1502,STAU,Zürich Stauffacher,35190,35280,35276
34140,2,531,2,2,1306,BEZI,Zürich Bezirksgebäude,35334,35376,35397
34140,2,531,2,2,1906,KALK,Zürich Kalkbreite,35412,35448,35478
34140,2,531,2,2,2248,LOCH,Zürich Lochergut,35496,35526,35549
34140,2,531,2,2,2250,ZYPR,Zürich Zypressenstrasse,35568,35598,35608
34140,2,531,2,2,1535,ALBP,Zürich Albisriederplatz,35652,35700,35702
34140,2,531,2,2,2245,LETG,Zürich Letzigrund,35760,35784,35795
34140,2,531,2,2,2253,FREI,Zürich Freihofstrasse,35832,35856,35868
34140,2,531,2,2,2244,KAPP,Zürich Kappeli,35904,35922,35944
34140,2,531,2,2,2770,GRIM,Zürich Grimselstrasse,35994,36012,36030
34140,2,531,2,2,2535,LIND,Zürich Lindenplatz,36066,36090,36098
34140,2,531,2,2,2818,BACH,Zürich Bachmattstrasse,36132,36150,36154
34140,2,531,2,2,1310,FARB,Zürich Farbhof,36204,36204,36330
36330,2,531,2,1,1310,FARB,Zürich Farbhof,36330,36330,36352
36330,2,531,2,1,2818,BACH,Zürich Bachmattstrasse,36384,36402,36407
36330,2,531,2,1,2535,LIND,Zürich Lindenplatz,36432,36462,36465
36330,2,531,2,1,2770,GRIM,Zürich Grimselstrasse,36504,36534,36533
36330,2,531,2,1,2244,KAPP,Zürich Kappeli,36600,36624,36637
36330,2,531,2,1,2253,FREI,Zürich Freihofstrasse,36672,36696,36712
36330,2,531,2,1,2245,LETG,Zürich Letzigrund,36744,36768,36775
36330,2,531,2,1,1535,ALBP,Zürich Albisriederplatz,36828,36870,36870
36330,2,531,2,1,2250,ZYPR,Zürich Zypressenstrasse,36906,36936,36941
36330,2,531,2,1,2248,LOCH,Zürich Lochergut,36972,37002,37007
36330,2,531,2,1,1906,KALK,Zürich Kalkbreite,37062,37104,37108
36330,2,531,2,1,1306,BEZI,Zürich Bezirksgebäude,37140,37182,37188
36330,2,531,2,1,1502,STAU,Zürich Stauffacher,37242,37332,37330
36330,2,531,2,1,2657,SIHS,Zürich Sihlstrasse,37410,37452,37456
36330,2,531,2,1,1528,PARA,Zürich Paradeplatz,37512,37572,37574
36330,2,531,2,1,2228,BOES,Zürich Börsenstrasse,37614,37632,37640
36330,2,531,2,1,2590,BURK,Zürich Bürkliplatz,37704,37740,37744
36330,2,531,2,1,1565,BELL,Zürich Bellevue,37818,37878,37874
36330,2,531,2,1,2104,OPER,Zürich Opernhaus,37926,37962,37965
36330,2,531,2,1,2612,KRES,Zürich Kreuzstrasse,37992,38022,38025
36330,2,531,2,1,2689,FELD,Zürich Feldeggstrasse,38064,38094,38096
36330,2,531,2,1,2615,HOES,Zürich Höschgasse,38136,38166,38163
36330,2,531,2,1,2680,FROE,Zürich Fröhlichstrasse,38214,38244,38258
36330,2,531,2,1,2651,WILD,Zürich Wildbachstrasse,38274,38298,38314
36330,2,531,2,1,2788,BTIE,Zürich Bahnhof Tiefenbrunnen,38340,38340,38640
38640,2,531,2,2,2788,BTIE,Zürich Bahnhof Tiefenbrunnen,38640,38640,38658
38640,2,531,2,2,2651,WILD,Zürich Wildbachstrasse,38700,38730,38729
38640,2,531,2,2,2680,FROE,Zürich Fröhlichstrasse,38760,38790,38792
38640,2,531,2,2,2615,HOES,Zürich Höschgasse,38826,38856,38862
38640,2,531,2,2,2689,FELD,Zürich Feldeggstrasse,38892,38928,38939
38640,2,531,2,2,2612,KRES,Zürich Kreuzstrasse,38970,38994,39012
38640,2,531,2,2,2104,OPER,Zürich Opernhaus,39042,39084,39090
38640,2,531,2,2,1565,BELL,Zürich Bellevue,39168,39222,39216
38640,2,531,2,2,2590,BURK,Zürich Bürkliplatz,39294,39354,39390
38640,2,531,2,2,2228,BOES,Zürich Börsenstrasse,39390,39420,39460
38640,2,531,2,2,1528,PARA,Zürich Paradeplatz,39450,39510,39549
38640,2,531,2,2,2657,SIHS,Zürich Sihlstrasse,39570,39618,39659
38640,2,531,2,2,1502,STAU,Zürich Stauffacher,39690,39780,39826
38640,2,531,2,2,1306,BEZI,Zürich Bezirksgebäude,39834,39876,39920
38640,2,531,2,2,1906,KALK,Zürich Kalkbreite,39912,39948,39998
38640,2,531,2,2,2248,LOCH,Zürich Lochergut,39996,40026,40079
38640,2,531,2,2,2250,ZYPR,Zürich Zypressenstrasse,40068,40098,40136
38640,2,531,2,2,1535,ALBP,Zürich Albisriederplatz,40152,40200,40215
38640,2,531,2,2,2245,LETG,Zürich Letzigrund,40260,40284,40308
38640,2,531,2,2,2253,FREI,Zürich Freihofstrasse,40332,40356,40389
38640,2,531,2,2,2244,KAPP,Zürich Kappeli,40404,40422,40461
38640,2,531,2,2,2770,GRIM,Zürich Grimselstrasse,40494,40512,40546
38640,2,531,2,2,2535,LIND,Zürich Lindenplatz,40566,40590,40614
38640,2,531,2,2,2818,BACH,Zürich Bachmattstrasse,40632,40650,40674
38640,2,531,2,2,1310,FARB,Zürich Farbhof,40704,40704,40831
40830,2,531,2,1,1310,FARB,Zürich Farbhof,40830,40830,40844
40830,2,531,2,1,2818,BACH,Zürich Bachmattstrasse,40884,40902,40900
40830,2,531,2,1,2535,LIND,Zürich Lindenplatz,40932,40962,40972
40830,2,531,2,1,2770,GRIM,Zürich Grimselstrasse,41004,41034,41037
40830,2,531,2,1,2244,KAPP,Zürich Kappeli,41100,41124,41126
40830,2,531,2,1,2253,FREI,Zürich Freihofstrasse,41172,41196,41211
40830,2,531,2,1,2245,LETG,Zürich Letzigrund,41244,41268,41275
40830,2,531,2,1,1535,ALBP,Zürich Albisriederplatz,41328,41370,41373
40830,2,531,2,1,2250,ZYPR,Zürich Zypressenstrasse,41406,41436,41442
40830,2,531,2,1,2248,LOCH,Zürich Lochergut,41472,41502,41508
40830,2,531,2,1,1906,KALK,Zürich Kalkbreite,41562,41604,41616
40830,2,531,2,1,1306,BEZI,Zürich Bezirksgebäude,41640,41682,41689
40830,2,531,2,1,1502,STAU,Zürich Stauffacher,41742,41832,41874
40830,2,531,2,1,2657,SIHS,Zürich Sihlstrasse,41910,41952,41989
40830,2,531,2,1,1528,PARA,Zürich Paradeplatz,42012,42072,42101
40830,2,531,2,1,2228,BOES,Zürich Börsenstrasse,42114,42132,42161
40830,2,531,2,1,2590,BURK,Zürich Bürkliplatz,42204,42240,42286
40830,2,531,2,1,1565,BELL,Zürich Bellevue,42318,42378,42382
40830,2,531,2,1,2104,OPER,Zürich Opernhaus,42426,42462,42458
40830,2,531,2,1,2612,KRES,Zürich Kreuzstrasse,42492,42522,42525
40830,2,531,2,1,2689,FELD,Zürich Feldeggstrasse,42564,42594,42598
40830,2,531,2,1,2615,HOES,Zürich Höschgasse,42636,42666,42668
40830,2,531,2,1,2680,FROE,Zürich Fröhlichstrasse,42714,42744,42754
40830,2,531,2,1,2651,WILD,Zürich Wildbachstrasse,42774,42798,42818
40830,2,531,2,1,2788,BTIE,Zürich Bahnhof Tiefenbrunnen,42840,42840,43141
43140,2,531,2,2,2788,BTIE,Zürich Bahnhof Tiefenbrunnen,43140,43140,43155
43140,2,531,2,2,2651,WILD,Zürich Wildbachstrasse,43200,43230,43230
43140,2,531,2,2,2680,FROE,Zürich Fröhlichstrasse,43260,43290,43290
43140,2,531,2,2,2615,HOES,Zürich Höschgasse,43326,43356,43369
43140,2,531,2,2,2689,FELD,Zürich Feldeggstrasse,43392,43428,43432
43140,2,531,2,2,2612,KRES,Zürich Kreuzstrasse,43470,43494,43504
43140,2,531,2,2,2104,OPER,Zürich Opernhaus,43542,43584,43589
43140,2,531,2,2,1565,BELL,Zürich Bellevue,43668,43722,43724
43140,2,531,2,2,2590,BURK,Zürich Bürkliplatz,43794,43854,43883
43140,2,531,2,2,2228,BOES,Zürich Börsenstrasse,43890,43920,43968
43140,2,531,2,2,1528,PARA,Zürich Paradeplatz,43950,44010,44042
43140,2,531,2,2,2657,SIHS,Zürich Sihlstrasse,44070,44118,44145
43140,2,531,2,2,1502,STAU,Zürich Stauffacher,44190,44280,44339
43140,2,531,2,2,1306,BEZI,Zürich Bezirksgebäude,44334,44376,44421
43140,2,531,2,2,1906,KALK,Zürich Kalkbreite,44412,44448,44510
43140,2,531,2,2,2248,LOCH,Zürich Lochergut,44496,44526,44577
43140,2,531,2,2,2250,ZYPR,Zürich Zypressenstrasse,44568,44598,44635
43140,2,531,2,2,1535,ALBP,Zürich Albisriederplatz,44652,44700,44722
43140,2,531,2,2,2245,LETG,Zürich Letzigrund,44760,44784,44808
43140,2,531,2,2,2253,FREI,Zürich Freihofstrasse,44832,44856,44871
43140,2,531,2,2,2244,KAPP,Zürich Kappeli,44904,44922,44939
43140,2,531,2,2,2770,GRIM,Zürich Grimselstrasse,44994,45012,45026
43140,2,531,2,2,2535,LIND,Zürich Lindenplatz,45066,45090,45106
43140,2,531,2,2,2818,BACH,Zürich Bachmattstrasse,45132,45150,45157
43140,2,531,2,2,1310,FARB,Zürich Farbhof,45204,45204,45324
45330,2,531,2,1,1310,FARB,Zürich Farbhof,45330,45330,45342
45330,2,531,2,1,2818,BACH,Zürich Bachmattstrasse,45384,45402,45410
45330,2,531,2,1,2535,LIND,Zürich Lindenplatz,45432,45462,45472
45330,2,531,2,1,2770,GRIM,Zürich Grimselstrasse,45504,45534,45537
45330,2,531,2,1,2244,KAPP,Zürich Kappeli,45600,45624,45630
45330,2,531,2,1,2253,FREI,Zürich Freihofstrasse,45672,45696,45700
45330,2,531,2,1,2245,LETG,Zürich Letzigrund,45744,45768,45760
45330,2,531,2,1,1535,ALBP,Zürich Albisriederplatz,45828,45870,45848
45330,2,531,2,1,2250,ZYPR,Zürich Zypressenstrasse,45906,45936,45919
45330,2,531,2,1,2248,LOCH,Zürich Lochergut,45972,46002,45979
45330,2,531,2,1,1906,KALK,Zürich Kalkbreite,46062,46104,46054
45330,2,531,2,1,1306,BEZI,Zürich Bezirksgebäude,46140,46182,46133
45330,2,531,2,1,1502,STAU,Zürich Stauffacher,46242,46332,46391
45330,2,531,2,1,2657,SIHS,Zürich Sihlstrasse,46410,46452,46487
